Id,Source language,Source text - Questions,Bosnian translation - Questions,Source Text - Answers,Bosnian translation - Answers,Category,Intent
1,English,"How do you say in Bosnian ""you are welcome""?","Kako se ""you are welcome"" kaže na bosanskom?","On bosnian ""you are welcome"" is said: ""nema na čemu"" / ""molim""","Na bosanskom se kaže: ""nema na čemu""/""molim""",Miscellaneous,ask_language
2,English,What are the common languages spoken in Herzegovina?,Koji jezici se najčešće govore u Hercegovini?,"Bosnian, Croatian, and Serbian are the most common languages.","Najčešće se govore bosanski, hrvatski i srpski jezici.",Miscellaneous,ask_language
3,English,Can you teach me a few basic phrases in Bosnian?,Možete li me naučiti nekoliko osnovnih fraza na bosanskom?,"Hello: Zdravo, Thank you: Hvala, Yes: Da, No: Ne, Goodbye: Doviđenja","Neki osnovni izrazi su: ""Dobar dan"" (Pozdrav), ""Hvala"" (Hvala).",Miscellaneous,ask_language
4,English,What's the weather like usually here in Bosnia?,Kakvo je obično vrijeme u Bosni?,"Bosnia has a continental climate with hot summers and cold winters. Herzegovina has a Mediterranean influence, making it milder.","Obično je vrijeme u Bosni umjereno, sa sezonskim promjenama.",Miscellaneous,ask_weather
5,English,Is it going to rain these days?,Hoće li padati kiša u narednim danima?,Check a weather app like AccuWeather for updated forecasts.,Pogledajte na aplikaciji kao što je AccuWeather.,Miscellaneous,ask_weather
6,English,What will the weather be like tomorrow?,Kakvo će biti vrijeme sutra?,Tomorrow’s forecast depends on your location. Sarajevo’s weather can vary greatly.,Sutrašnja prognoza zavisi od vaše tačne lokacije. Temperatura u Sarajevu moze znatno da varira.,Miscellaneous,ask_weather
7,English,What's the best season to visit Bosnia and Herzegovina?,Koje je najbolje doba godine za posjetiti Bosnu i Hercegovinu?,Spring (April-June) and Autumn (September-October) are ideal for mild weather and fewer crowds.,Najbolje doba godine za posjetiti Bosnu i Hercegovinu su proljeće i jesen zbog umjerenih temperatura.,Miscellaneous,ask_weather
8,English,How cold does it get in winter here?,Koliko je hladno u Bosni zimi?,"In Bosnia, temperatures can drop to -10°C (14°F) or lower, especially in mountainous areas.",Zimi temperatura može pasti na -10°C ili niže.,Miscellaneous,ask_weather
9,English,How hot does it get in summer here?,Koliko je vruće ljeti u Bosni?,Summer temperatures in Herzegovina can exceed 35°C (95°F).,Ljeti temperatura može dostići i 35°C.,Miscellaneous,ask_weather
10,English,Can I expect snow in December?,Mogu li očekivati snijeg u decembru?,"Yes, especially in higher altitudes and northern regions.","Da, u decembru se može očekivati snijeg, posebno u planinskim područjima.",Miscellaneous,ask_weather
11,English,What is the currency used in Bosnia and Herzegovina?,Koja valuta se koristi u Bosni i Hercegovini?,The Bosnian Convertible Mark (BAM).,U Bosni i Hercegovini se koristi konvertibilna marka (BAM).,Miscellaneous,ask_currency
12,English,Can I use euros in Sarajevo?,Mogu li u Sarajevu plaćati u eurima?,"Euros are accepted in some tourist areas, but BAM is preferred.","Na nekim turističkim područjima može se plaćati u eurima, ali je bolje koristiti domaću valutu.",Miscellaneous,ask_currency
13,English,Where can I exchange money?,Gdje mogu promijeniti novac?,"At banks, exchange offices, or major hotels.",Novac možete promijeniti u bankama ili menjačnicama u većim gradovima.,Miscellaneous,ask_currency
14,English,Are credit cards widely accepted?,Da li se kreditne kartice široko prihvataju?,"Yes, in urban areas, but smaller businesses may prefer cash.","Da, kreditne kartice se uglavnom prihvataju, ali je dobro imati nešto gotovine.",Miscellaneous,ask_currency
15,English,Is tipping common in restaurants here?,Da li je u restoranima uobičajeno davati napojnicu?,"Yes, tipping 5–10% of the bill is customary.","Da, u restoranima je obično uobičajeno davati napojnicu od 10-15%.",Miscellaneous,ask_customs
16,English,How do locals greet each other formally?,Kako se formalno pozdravljaju ljudi u Bosni i Hercegovini?,"With a handshake and a polite ""Dobar dan"" (Good day).","Formalni pozdrav je ""Dobar dan"" uz rukovanje.",Miscellaneous,ask_customs
17,English,Is it safe to travel alone in Bosnia and Herzegovina?,Da li je sigurno putovati solo kroz Bosnu i Hercegovinu?,"Yes, Bosnia is generally safe for solo travelers.","Da, Bosna i Hercegovina je generalno sigurna destinacija za putovanja.",Miscellaneous,ask_safety
18,English,Are there any areas I should avoid at night?,Da li postoje područja koja bih trebao izbjegavati noću?,"Avoid poorly lit or isolated areas in cities, as in any country.",Noću je preporučljivo izbjegavati osamljena i tamna područja.,Miscellaneous,ask_safety
19,English,What should I do in case of an emergency?,Šta da radim u slučaju hitne situacije?,"Avoid poorly lit or isolated areas in cities, as in any country.",U hitnim situacijama pozovite broj 112.,Miscellaneous,ask_safety
20,English,"Can I drink tap water here, or should I buy bottled water?",Da li je voda iz česme sigurna za piti ili bih trebao kupiti flaširanu vodu?,Tap water is safe in most urban areas but bottled water is recommended in rural areas.,"U većini područja voda iz česme je sigurna za piti, ali možete kupiti i flaširanu vodu.",Miscellaneous,ask_safety
21,English,Is public transportation safe for tourists?,Da li je javni prevoz siguran za turiste?,"Yes, but keep an eye on your belongings in crowded places.","Da, javni prevoz je siguran za turiste.",Miscellaneous,ask_safety
22,English,Where can I buy a local SIM card for data?,Gdje mogu kupiti lokalnu SIM karticu za internet?,"At kiosks, telecom stores (BH Telecom, Eronet), or airports.",SIM karticu možete kupiti kod telekom operatera poput BH Telecoma.,Miscellaneous,ask_internet
23,English,Is there free Wi-Fi available nearby?,Da li ima besplatnog Wi-Fi-ja ovdje u blizini?,"Free Wi-Fi is common in cafes, hotels, and public spaces.","Da, mnogi restorani i kafići nude besplatan Wi-Fi.",Miscellaneous,ask_internet
24,English,Do I need a power adapter for my phone charger?,Trebam li adapter za punjač telefona?,"Bosnia uses 220V, Type C/F plugs. An adapter may be needed.","U Bosni su utičnice tipa F (230V), provjerite kompatibilnost uređaja.",Miscellaneous,ask_power
25,English,Can I charge my laptop in the train?,Mogu li napuniti laptop u vozu?,Older trains may not have outlets; newer ones might.,"Stariji vozovi i tramvaji nemaju utičnice, dok noviji moguće da imaju.",Miscellaneous,ask_power
26,English,What’s the historical significance of the Old Bridge in Mostar?,Koja je istorijska važnost Starog mosta u Mostaru?,"Built in 1566 by the Ottomans, it symbolizes cultural unity and was rebuilt after being destroyed in 1993.",Stari most je simbol mira i međukulturnih veza.,Miscellaneous,ask_history
27,English,Can you tell me about the history of Sarajevo during the war?,Možete li mi reći nešto o istoriji Sarajeva tokom rata?,"Sarajevo was under siege (1992–1996) during the Bosnian War, the longest siege in modern warfare.",Sarajevo je tokom rata bilo pod dugom opsadom i ima bogatu istoriju.,Miscellaneous,ask_history
28,English,When was the Ottoman Empire in control of Bosnia?,Kada je Osmansko carstvo vladalo Bosnom?,From 1463 to 1878.,Bosna je bila pod osmanskom vladavinom od 15. do 19. veka.,Miscellaneous,ask_history
29,English,Are there any Roman ruins to visit here?,Da li postoje rimske ruševine koje mogu posjetiti?,"Yes, Mogorjelo near Čapljina and remains in Stolac.","Da, možete posjetiti rimske ruševine poput Mogorjela u blizini Čapljine.",Miscellaneous,ask_history
30,English,Are there pharmacies open 24/7 in Sarajevo?,Da li postoje apoteke koje rade 24/7 u Sarajevu?,"Yes, some central pharmacies like ""Apoteka Gradska"" work 24/7.","Da, postoje apoteke poput ""Apoteka Sarajevo"" koje rade 24/7.",Miscellaneous,ask_health
31,English,What’s the emergency number for medical services here?,Koji je broj hitne pomoći za medicinske usluge ovdje?,124 for medical emergencies.,Za hitne medicinske usluge pozovite broj 124.,Miscellaneous,ask_health
32,English,Is health insurance required for tourists?,Da li turisti moraju imati zdravstveno osiguranje?,It is recommended to have travel health insurance.,Preporučuje se da turisti imaju zdravstveno osiguranje.,Miscellaneous,ask_health
33,English,Where can I find a taxi stand?,Gdje mogu pronaći stajalište za taksi?,Near major landmarks and transport hubs.,Stajališta za taksi možete naći u blizini glavnih stanica ili turističkih lokacija.,Transportation,ask_taxi
34,English,How much does a taxi ride to the city center cost?,Koliko košta vožnja taksijem do centra grada?,Around 20–30 BAM from Sarajevo Airport.,Cijena taksi vožnje do centra grada je oko 10-20 BAM.,Transportation,ask_taxi
35,English,Can I pay for a taxi with a credit card?,Mogu li platiti taksi karticom?,"No, unfortunately not, cash only.","Da, neki taksiji prihvataju kreditne kartice.",Transportation,ask_taxi
36,English,Are taxis safe to use here?,Da li su taksiji sigurni za korištenje ovdje?,"Yes, especially licensed ones.","Taksiji su sigurni, ali uvijek koristite licencirane taksi službe.",Transportation,ask_taxi
37,English,What’s the phone number to call a taxi service?,Koji je broj za pozivanje taksi službe?,The most popular one is Sarajevo Taxi (+387 33 15 15),"Za pozivanje taksija, nazovite 033 222 333.",Transportation,ask_taxi
38,English,What time is the next bus to ..?,Kada je sledeći autobus do ...?,Check schedules at the bus station or online at GetByBus/CentroCard(for inner-city transport).,Sledeći autobus do ... polazi u 15:30.,Transportation,ask_bus
39,English,Where can I buy bus tickets for intercity travel?,Gdje mogu kupiti autobuske karte za međugradski prevoz?,At stations or online (e.g. FlixBus),Autobuske karte možete kupiti u autobuskim stanicama ili online.,Transportation,ask_bus
40,English,Is there a direct line to..?,Da li postoji direktna linija do ...?,Major cities often have direct routes; confirm locally.,"Da, postoji direktna linija do Tuzle.",Transportation,ask_bus
41,English,How frequently does the bus stop here?,Koliko često autobus staje ovdje?,"In cities, every 15–20 minutes, but may vary on your current location, and the one you are heading to.",Autobusi ovde staju svakih 10 minuta.,Transportation,ask_bus
42,English,When is the next bus to..?,Kada je sledeći autobus za ...?,Depends on location; consult local timetables.,Sledeći autobus za Mostar polazi u 17:00.,Transportation,ask_bus
43,English,How long does it take to go to Mostar by train?,Koliko traje putovanje do ... vozom?,Sarajevo to Mostar: ~3 hours.,Putovanje vozom do Mostara traje oko 2.5 sata.,Transportation,ask_train
44,English,Where is the main train station in Sarajevo?,Gdje se nalazi glavni željeznički kolodvor u Sarajevu?,"Put života 2, near the city center.",Glavni željeznički kolodvor u Sarajevu se nalazi u centru grada.,Transportation,ask_train
45,English,Can I book train tickets online?,Mogu li rezervisati vozne karte online?,Online booking is available for some routes; check the ŽFBH (Railways of the Federation of Bosnia and Herzegovina) website.,"Vozne karte možete rezervisati online putem stranica kao što je ""Željeznice BiH"".",Transportation,ask_train
46,English,Is the train cheaper than the bus for traveling to Mostar?,Da li je voz jeftiniji od autobusa za putovanje do Mostara?,"Yes, trains are often cheaper and offer scenic views.",Voz je obično jeftiniji od autobusa.,Transportation,ask_train
47,English,Where can I rent a car near the airport?,Gdje mogu iznajmiti auto blizu aerodroma?,"Car rental services are available at Sarajevo International Airport, including Europcar, Sixt, and Avis.","Iznajmite auto u agencijama poput ""Europcar"" na sarajevskom aerodromu.",Transportation,ask_car_rental
48,English,How much does it cost to rent a car for a day?,Koliko košta iznajmljivanje automobila na jedan dan?,"Prices range from 50 to 100 BAM, depending on the type of car.",Iznajmljivanje automobila košta oko 50 BAM po danu.,Transportation,ask_car_rental
49,English,Are there direct flights from Sarajevo?,Ima li direktnih letova iz Sarajeva za ...?,Sarajevo has direct flights to major European cities; check with airlines.,"Da, postoje direktni letovi iz Sarajeva za Beograd i druge gradove.",Transportation,ask_flights
50,English,What’s the cheapest airline flying to Bosnia and Herzegovina?,Koja je najjeftinija aviokompanija koja leti za Bosnu i Hercegovinu?,Low-cost carriers like Wizz Air often provide affordable options.,"Najjeftinija aviokompanija za Bosnu je ""Wizz Air"".",Transportation,ask_flights
51,English,Are there domestic flights between major cities in Bosnia?,Da li postoje domaći letovi između većih gradova u Bosni?,"No, domestic flights are uncommon due to the country's small size.","Da, postoje domaći letovi između Sarajeva, Banja Luke i Tuzle.",Transportation,ask_flights
52,English,Is there an airport in Mostar?,Da li postoji aerodrom u Mostaru?,"Yes, Mostar International Airport, but it primarily handles seasonal flights.","Da, Mostar ima mali aerodrom za domaće i međunarodne letove.",Transportation,ask_flights
53,English,How do I get to the nearest bus station?,Kako da dođem do najbliže autobuske stanice?,Most cities have local buses or taxis to the main bus station.,Najbliža autobuska stanica je udaljena 10 minuta hoda odavde.,Transportation,ask_directions
54,English,Can you show me the way to the nearest bus station?,Možete li mi pokazati put do najbliže autobuske stanice?,Directions depend on your location; ask locals or use Google Maps.,"Slijedite ovu ulicu, skrenite desno, i stanica će biti s lijeve strane.",Transportation,ask_directions
55,English,Which road should I take to drive to Trebinje?,Koji put treba uzeti da stignem do Trebinja?,Take the E73/M20 route via Mostar.,"Da biste stigli do Trebinja, pratite glavnu cestu E73.",Transportation,ask_directions
56,English,How far is the city center from Ilidza?,Koliko je udaljen centar grada od Ilidže?,"About 10–12 km, roughly a 20-minute drive.",Put od Ilidže do centra traje oko 20 minuta autom.,Transportation,ask_directions
57,English,Can I bike to the Old Bridge in Mostar?,Mogu li biciklom doći do Starog mosta u Mostaru?,"Yes, but ensure you are prepared for uneven terrain and traffic.","Da, Mostar je dovoljno blizu za biciklizam, ali pazite na promet.",Transportation,ask_directions
58,English,What’s the fastest route to Sutjeska National Park?,Koji je najbrži put do Nacionalnog parka Sutjeska?,"From Sarajevo, take the M18 road southwards.",Uzmite M20 za brz put do Sutjeske.,Transportation,ask_directions
59,English,Where can I buy tickets for the tram in Sarajevo?,Gdje mogu kupiti kartu za tramvaj u Sarajevu?,At kiosks near tram stops or directly from the conductor.,Tramvajska karta može se kupiti u kioscima ili u trgovinama.,Transportation,ask_tickets
60,English,Are there discounts on train tickets for students?,Da li postoje popusti na vozne karte za studente?,"Yes, student discounts are available with a valid ID.","Da, studenti imaju popust na vozne karte.",Transportation,ask_directions
61,English,Do I need to validate my bus ticket before boarding?,Moram li da validiram svoju autobusku kartu prije nego što uđem u autobus?,"Yes, especially for local buses and trams.","Da, karte se validiraju prije ulaska u autobus.",Transportation,ask_directions
62,English,How much is a one-way ticket to Mostar by train?,Koliko košta jednodnevna karta za voz do Mostara?,"Around 11 BAM for adults, 7 BAM for children.",Cijena karte do Mostara je oko 12 BAM.,Transportation,ask_directions
63,English,Can I purchase transportation tickets online?,Mogu li kupiti karte za prevoz online?,"Yes, for intercity buses and some trains.","Da, možete kupiti karte online.",Transportation,ask_directions
64,English,Are tickets refundable if I miss the bus?,Da li se karte refundiraju ako propustim autobus?,"Usually not, but refund policies vary; check with the ticket provider.","Povrat novca je moguć, ali zavisi od kompanije.",Transportation,ask_directions
65,English,Are there metro services in Bosnia and Herzegovina?,Ima li metro usluga u Bosni i Hercegovini?,"No, Bosnia does not have metro systems.",Bosna nema metro sistem.,Transportation,ask_public_transport
66,English,Is there a public transport pass for tourists?,Da li postoji javna prevozna karta za turiste?,"Some cities, like Sarajevo, offer multi-day passes for trams and buses.","Da, postoje dnevne ili sedmične karte za turiste.",Transportation,ask_public_transport
67,English,How crowded does public transportation get during peak hours?,Koliko je pun javni prevoz u vrijeme špica?,"It can be quite crowded, especially in Sarajevo.","Javni prevoz je prepun u špicu, pa budite spremni na gužve.",Transportation,ask_public_transport
68,English,Where can I find parking near Baščaršija?,Gdje mogu parkirati u blizini Baščaršije?,"Look for parking lots on the outskirts, like the one at Vijećnica.",U blizini Baščaršije ima nekoliko plaćenih parkinga.,Transportation,ask_parking
69,English,Is parking free on weekends in Sarajevo?,Da li je parkiranje besplatno vikendom u Sarajevu?,Some areas offer free parking on Sundays; check signage.,"Parkiranje je uglavnom plaćeno, i vikendom.",Transportation,ask_parking
70,English,Are there secure parking garages in Mostar?,Da li postoje sigurna parkirališta u Mostaru?,"Yes, especially near the city center.",Mostar ima nekoliko sigurno parkiranih mjesta.,Transportation,ask_parking
71,English,Where can I park in Konjic?,Gdje mogu parkirati u Konjicu?,Use public parking areas near the Old Stone Bridge.,Parkiranje u Konjicu je besplatno u centru grada.,Transportation,ask_parking
72,English,Can I park my car overnight at the train station?,Mogu li parkirati svoj automobil preko noći na željezničkoj stanici?,"Yes, most stations have overnight parking options.",Većina željezničkih stanica nudi parking za posjetitelje.,Transportation,ask_parking
73,English,How much does it cost to park in the city center?,Koliko košta parkiranje u centru grada?,"Prices range from 2–5 BAM per hour, depending on the location.",Parkiranje u centru grada je 1-2 BAM po satu.,Transportation,ask_parking
74,English,Are there EV charging stations in parking lots here?,Da li postoje EV punionice u parkirnim prostorima ovdje?,"Yes, major cities like Sarajevo and Mostar have EV charging stations.",Neke parking lokacije imaju punionice za električne automobile.,Transportation,ask_parking
75,English,Is street parking allowed near the Old Town?,Da li je parkiranje na ulici dozvoljeno u blizini Starog grada?,"Limited, but there are designated spots; always check signs.",Parkiranje u Starom gradu obično je plaćeno.,Transportation,ask_parking
76,English,Is there any room available at a hotel in Sarajevo this weekend?,Ima li slobodnih soba u hotelu u Sarajevu ovaj vikend?,"Yes, there are rooms available at Hotel Europe and Radon Plaza for this weekend.","Da, dostupne su sobe u Hotelu Europe i Radon Plaza za ovaj vikend.",Accommodation,ask_hotel_availability
77,English,Do you have a free room for two people in Mostar next week?,Imate li slobodnu sobu za dvije osobe u Mostaru sljedeće sedmice?,"Yes, Mepas Hotel and Hotel Mostar have rooms available for two people next week.","Da, Mepas Hotel i Hotel Mostar imaju sobe dostupne za dvije osobe sljedeće sedmice.",Accommodation,ask_hotel_availability
78,English,Can I book a room for tonight in Banja Luka?,Mogu li rezervirati sobu za večeras u Banja Luci?,"Yes, there are rooms available at Hotel Bosna and Hotel Zepter for tonight.","Da, dostupne su sobe u Hotelu Bosna i Hotelu Zepter za večeras.",Accommodation,ask_hotel_availability
79,English,Are there any available rooms with a sea view in Neum?,Ima li slobodnih soba s pogledom na more u Neumu?,"Yes, Hotel Sunce and Neum Hotel offer rooms with sea views.","Da, Hotel Sunce i Neum Hotel nude sobe s pogledom na more.",Accommodation,ask_hotel_availability
80,English,Is the hotel in Zenica fully booked for the holidays?,Je li hotel u Zenici potpuno popunjen za praznike?,"Some hotels in Zenica, like Hotel Dubrovnik, may be fully booked during the holidays, but I can check availability for you.","Neka od hotela u Zenici, kao što je Hotel Dubrovnik, mogu biti potpuno rezervisana za praznike, ali mogu provjeriti dostupnost za vas.",Accommodation,ask_hotel_availability
81,English,How much does a standard room cost at a hotel in Sarajevo?,Koliko košta standardna soba u hotelu u Sarajevu?,A standard room in Hotel Europe in Sarajevo costs around $100–$150 per night.,Standardna soba u Hotelu Europe u Sarajevu košta oko 100–150 USD po noći.,Accommodation,ask_hotel_pricing
82,English,What are the prices for a double room in Mostar during summer?,Koje su cijene za dvokrevetnu sobu u Mostaru tokom ljeta?,Double rooms in Mepas Hotel and Hotel Mostar range from $80 to $120 per night during summer.,Cijene dvokrevetnih soba u Mepas Hotelu i Hotelu Mostar tokom ljeta kreću se od 80 do 120 USD po noći.,Accommodation,ask_hotel_pricing
83,English,How much is a hotel room with breakfast included in Banja Luka?,Koliko košta hotelska soba s uključenim doručkom u Banja Luci?,A hotel room with breakfast included in Banja Luka ranges from $90 to $130 per night at Hotel Bosna and Hotel Zepter.,Cijena hotelske sobe s doručkom uključenim u Banja Luci kreće se od 90 do 130 USD po noći u Hotelu Bosna i Hotelu Zepter.,Accommodation,ask_hotel_pricing
84,English,What is the price range for luxury hotels in Sarajevo?,Koji je cjenovni razred za luksuzne hotele u Sarajevu?,"Luxury hotels in Sarajevo, like Hotel Europe and Radon Plaza, range from $150 to $250 per night.","Luksuzni hoteli u Sarajevu, poput Hotel Europe i Radon Plaza, imaju cijene od 150 do 250 USD po noći.",Accommodation,ask_hotel_pricing
85,English,Can you tell me the cost of a one-night stay in a hotel near the Old Bridge in Mostar?,Možete li mi reći cijenu boravka na jednu noć u hotelu blizu Starog mosta u Mostaru?,A one-night stay near the Old Bridge in Mostar at Hotel Mostar costs around $100–$120.,Jednodnevni boravak u hotelu blizu Starog Mosta u Mostaru u Hotelu Mostar košta oko 100–120 USD.,Accommodation,ask_hotel_pricing
86,English,Does the hotel in Sarajevo have a fitness center?,Ima li hotel u Sarajevu fitness centar?,"Yes, Hotel Europe in Sarajevo has a fitness center.","Da, Hotel Europe u Sarajevu ima fitness centar.",Accommodation,ask_hotel_facilities
87,English,Are there hotels in Mostar with a rooftop terrace?,Ima li hotela u Mostaru s terasom na krovu?,"Yes, Hotel Mepas in Mostar has a rooftop terrace.","Da, Hotel Mepas u Mostaru ima terasu na krovu.",Accommodation,ask_hotel_facilities
88,English,Does the hotel offer free breakfast or just coffee?,Nudi li hotel besplatan doručak ili samo kafu?,"Some hotels offer free breakfast, while others may only offer coffee. Hotel Europe provides complimentary breakfast.","Neki hoteli nude besplatan doručak, dok drugi nude samo kafu. Hotel Europe nudi besplatan doručak.",Accommodation,ask_hotel_facilities
89,English,Are there hotels with room service available in Banja Luka?,Ima li hotela s uslugom u sobi u Banja Luci?,"Yes, Hotel Bosna and Hotel Zepter in Banja Luka offer room service.","Da, Hotel Bosna i Hotel Zepter u Banja Luci nude uslugu u sobi.",Accommodation,ask_hotel_facilities
90,English,Which hotels have a spa and wellness center in Sarajevo?,Koji hoteli imaju spa i wellness centar u Sarajevu?,Hotel Europe and Radon Plaza in Sarajevo have a spa and wellness center.,Hotel Europe i Radon Plaza u Sarajevu imaju spa i wellness centar.,Accommodation,ask_hotel_facilities
91,English,Which hotels are close to the airport in Sarajevo?,Koji hoteli su blizu aerodroma u Sarajevu?,Hotel Malta and Radon Plaza are close to Sarajevo International Airport.,Hotel Malta i Radon Plaza su blizu Sarajevskog međunarodnog aerodroma.,Accommodation,ask_hotel_location
92,English,Can you suggest hotels near the train station in Banja Luka?,Možete li preporučiti hotele blizu željezničke stanice u Banja Luci?,Hotel Bosna and Hotel Zepter are near the train station in Banja Luka.,Hotel Bosna i Hotel Zepter su blizu železničke stanice u Banja Luci.,Accommodation,ask_hotel_location
93,English,What are the best hotels near the city center of Mostar?,Koji su najbolji hoteli blizu centra grada u Mostaru?,The best hotels near the city center in Mostar are Hotel Mepas and Hotel Mostar.,Najbolji hoteli u blizini centra grada u Mostaru su Hotel Mepas i Hotel Mostar.,Accommodation,ask_hotel_location
94,English,Is there a hotel with a view of the river in Zenica?,Ima li hotel s pogledom na rijeku u Zenici?,Hotel Dubrovnik in Zenica offers rooms with views of the river.,Hotel Dubrovnik u Zenici nudi sobe s pogledom na rijeku.,Accommodation,ask_hotel_location
95,English,Are there any hotels near the Old Town in Sarajevo?,Ima li hotela blizu Starog grada u Sarajevu?,"Yes, Hotel Europe and Hotel Hecco are near the Old Town in Sarajevo.","Da, Hotel Europe i Hotel Hecco su blizu Starog grada u Sarajevu.",Accommodation,ask_hotel_location
96,English,What time is check-in at the hotel in Sarajevo?,U koliko sati je check-in u hotelu u Sarajevu?,"Check-in at most hotels in Sarajevo, including Hotel Europe, is from 2:00 PM.","Check-in u većini hotela u Sarajevu, uključujući Hotel Europe, je od 14:00 časova.",Accommodation,ask_hotel_check_in_out
97,English,Until when can I check out from a hotel in Mostar?,Do kada mogu izvršiti check-out iz hotela u Mostaru?,"In Mostar, check-out is typically until 12:00 PM, but late check-outs can be arranged.","U Mostaru, check-out je obično do 12:00 časova, ali kasni check-out može biti organizovan.",Accommodation,ask_hotel_check_in_out
98,English,Can I do a late check-out in a hotel in Banja Luka?,Mogu li izvršiti kasni check-out u hotelu u Banja Luci?,"Yes, Hotel Bosna in Banja Luka offers late check-out upon request.","Da, Hotel Bosna u Banja Luci nudi kasni check-out na zahtjev.",Accommodation,ask_hotel_check_in_out
99,English,What’s the earliest check-in time at hotels in Sarajevo?,Koje je najranije vrijeme za check-in u hotelima u Sarajevu?,The earliest check-in time at hotels in Sarajevo is usually 2:00 PM.,Najranije vreme za check-in u hotelima u Sarajevu je obično 14:00 časova.,Accommodation,ask_hotel_check_in_out
100,English,Can I check-in after midnight in a hotel in Zenica?,Mogu li izvršiti check-in nakon ponoći u hotelu u Zenici?,"Yes, Hotel Dubrovnik in Zenica allows late check-ins after midnight.","Da, Hotel Dubrovnik u Zenici omogućava kasni check-in nakon ponoći.",Accommodation,ask_hotel_check_in_out
101,English,Does the hotel in Sarajevo offer an airport shuttle service?,Nudi li hotel u Sarajevu uslugu prijevoza do aerodroma?,"Yes, Hotel Europe in Sarajevo offers an airport shuttle service.","Da, Hotel Europe u Sarajevu nudi uslugu prevoza sa i na aerodrom.",Accommodation,ask_hotel_services
102,English,Are there laundry services available at the hotel in Mostar?,Ima li usluga pranja rublja u hotelu u Mostaru?,"Yes, Hotel Mepas in Mostar offers laundry services.","Da, Hotel Mepas u Mostaru nudi usluge pranja veša.",Accommodation,ask_hotel_services
103,English,Can I rent a car through the hotel in Banja Luka?,Mogu li iznajmiti automobil preko hotela u Banja Luci?,"Yes, you can rent a car through Hotel Bosna in Banja Luka.","Da, možete iznajmiti auto kroz Hotel Bosna u Banja Luci.",Accommodation,ask_hotel_services
104,English,Is there a concierge at the hotel in Sarajevo?,Ima li hotel u Sarajevu concierge uslugu?,"Yes, Hotel Europe in Sarajevo has a concierge service.","Da, Hotel Europe u Sarajevu ima uslugu konsijerža.",Accommodation,ask_hotel_services
105,English,Do the hotels in Sarajevo offer guided tours or sightseeing services?,Nude li hoteli u Sarajevu vođene ture ili usluge razgledanja?,"Yes, many hotels in Sarajevo offer guided tours or sightseeing services, such as Radon Plaza.","Da, mnogi hoteli u Sarajevu nude organizovane ture ili usluge razgledanja, kao što je Radon Plaza.",Accommodation,ask_hotel_services
106,English,Can you help me book a room at a hotel in Sarajevo?,Možete li mi pomoći da rezerviram sobu u hotelu u Sarajevu?,"Yes, I can help you book a room at Hotel Europe or Radon Plaza in Sarajevo.","Da, mogu vam pomoći da rezervišete sobu u Hotelu Europe ili Radon Plaza u Sarajevu.",Accommodation,ask_hotel_booking
107,English,"I want to book a family room for four in Mostar, can you assist?","Želim rezervirati porodičnu sobu za četiri osobe u Mostaru, možete li pomoći?","Yes, Hotel Mepas in Mostar offers family rooms.","Da, Hotel Mepas u Mostaru nudi porodične sobe.",Accommodation,ask_hotel_booking
108,English,How do I reserve a hotel room near the city center in Banja Luka?,Kako mogu rezervirati hotelsku sobu blizu centra grada u Banja Luci?,You can reserve a hotel room near the city center in Banja Luka at Hotel Bosna or Hotel Zepter.,Možete rezervisati sobu u hotelu blizu centra grada u Banja Luci u Hotelu Bosna ili Hotelu Zepter.,Accommodation,ask_hotel_booking
109,English,I’d like to book a room at the hotel by the river in Sarajevo for next weekend.,Želim rezervirati sobu u hotelu pored rijeke u Sarajevu za sljedeći vikend.,I can help you book a room at Hotel Europe in Sarajevo for next weekend.,Mogu vam pomoći da rezervišete sobu u Hotelu Europe u Sarajevu za naredni vikend.,Accommodation,ask_hotel_booking
110,English,Can I book a suite with a balcony in a hotel in Mostar?,Mogu li rezervirati suite s balkonom u hotelu u Mostaru?,"Yes, you can book a suite with a balcony at Hotel Mepas in Mostar.","Da, možete rezervisati apartman s balkonom u Hotelu Mepas u Mostaru.",Accommodation,ask_hotel_booking
111,English,What do people say about the hotel near the Old Bridge in Mostar?,Šta ljudi kažu o hotelu blizu Starog mosta u Mostaru?,Hotel Mostar near the Old Bridge is highly rated for its location and service.,Hotel Mostar blizu Starog Mosta je visoko ocijenjen zbog svoje lokacije i usluge.,Accommodation,ask_hotel_reviews
112,English,How are the reviews for hotels in Sarajevo on booking websites?,Kakve su recenzije hotela u Sarajevu na sajtovima za rezervacije?,Hotel Europe and Radon Plaza in Sarajevo have excellent reviews on booking websites.,Hotel Europe i Radon Plaza u Sarajevu imaju izvrsne recenzije na sajtovima za rezervacije.,Accommodation,ask_hotel_reviews
113,English,Can you recommend hotels in Banja Luka with good guest reviews?,Možete li preporučiti hotele u Banja Luci s dobrim recenzijama gostiju?,Hotel Bosna and Hotel Zepter in Banja Luka have great guest reviews.,Hotel Bosna i Hotel Zepter u Banja Luci imaju odlične recenzije gostiju.,Accommodation,ask_hotel_reviews
114,English,Which hotels in Sarajevo have the highest ratings?,Koji hoteli u Sarajevu imaju najbolje ocjene?,Radon Plaza and Hotel Europe in Sarajevo have the highest ratings.,Radon Plaza i Hotel Europe u Sarajevu imaju najviše ocjene.,Accommodation,ask_hotel_reviews
115,English,Do you have any information about customer reviews for the hotels in Zenica?,Imate li informacije o recenzijama korisnika za hotele u Zenici?,"Reviews for hotels in Zenica, like Hotel Dubrovnik, are generally positive, highlighting comfort and service.","Recenzije za hotele u Zenici, kao što je Hotel Dubrovnik, su uglavnom pozitivne, ističući udobnost i uslugu.",Accommodation,ask_hotel_reviews
116,English,What is the cancellation policy for hotels in Sarajevo?,Kakva je politika otkazivanja za hotele u Sarajevu?,Hotel Europe in Sarajevo offers free cancellation up to 24 hours before check-in.,Hotel Europe u Sarajevu nudi besplatan otkaz rezervacije do 24 sata prije prijave.,Accommodation,ask_hotel_policies
117,English,Do I need a deposit to book a hotel in Mostar?,Trebam li depozit za rezervaciju hotela u Mostaru?,"Some hotels in Mostar, like Hotel Mepas, require a deposit for booking, especially during peak seasons.","Neki hoteli u Mostaru, poput Hotel Mepas, zahtijevaju depozit za rezervaciju, posebno tokom glavne sezone.",Accommodation,ask_hotel_policies
118,English,What is the pet policy for hotels in Banja Luka?,Koja je politika za kućne ljubimce u hotelima u Banja Luci?,Hotel Bosna in Banja Luka allows pets with certain restrictions.,Hotel Bosna u Banja Luci dozvoljava kućne ljubimce uz određena ograničenja.,Accommodation,ask_hotel_policies
119,English,Are there any restrictions on smoking in hotels in Sarajevo?,Ima li ograničenja u vezi s pušenjem u hotelima u Sarajevu?,"Yes, many hotels in Sarajevo have designated non-smoking rooms, including Hotel Europe.","Da, mnogi hoteli u Sarajevu imaju označene sobe za nepušače, uključujući Hotel Europe.",Accommodation,ask_hotel_policies
120,English,Is it possible to change the dates of my hotel booking in Mostar?,Mogu li promijeniti datume svoje rezervacije u hotelu u Mostaru?,"Yes, you can change the dates of your booking at Hotel Mepas in Mostar, subject to availability.","Da, možete promijeniti datum svoje rezervacije u Hotelu Mepas u Mostaru, u zavisnosti od dostupnosti.",Accommodation,ask_hotel_policies
121,English,Are there any special offers for hotels in Sarajevo this season?,Ima li specijalnih ponuda za hotele u Sarajevu ove sezone?,Radon Plaza in Sarajevo offers special seasonal promotions.,Radon Plaza u Sarajevu nudi posebne sezonske promocije.,Accommodation,ask_hotel_special_offers
122,English,Can I get a discount on hotel bookings in Banja Luka?,Mogu li dobiti popust na rezervacije hotela u Banja Luci?,"Yes, Hotel Bosna in Banja Luka offers discounts for early bookings.","Da, Hotel Bosna u Banja Luci nudi popuste za rane rezervacije.",Accommodation,ask_hotel_special_offers
123,English,Does the hotel in Sarajevo offer seasonal promotions?,Nudi li hotel u Sarajevu sezonske promocije?,Hotel Europe in Sarajevo offers seasonal promotions with up to 20% off.,Hotel Europe u Sarajevu nudi sezonske promocije sa popustima do 20%.,Accommodation,ask_hotel_special_offers
124,English,Are there any special deals for group bookings in hotels in Mostar?,Ima li specijalnih ponuda za grupne rezervacije u hotelima u Mostaru?,"Yes, Hotel Mepas in Mostar has special deals for group bookings.","Da, Hotel Mepas u Mostaru ima posebne ponude za grupne rezervacije.",Accommodation,ask_hotel_special_offers
125,English,Do any hotels near the airport in Tuzla have promotional rates?,Ima li hotela blizu aerodroma u Tuzli promotivnih cijena?,"Yes, Hotel Mepas near Tuzla Airport offers promotional rates.","Da, Hotel Mepas blizu Tuzla Aerodroma nudi promotivne cijene.",Accommodation,ask_hotel_special_offers
126,English,Does the hotel provide a shuttle from the airport to Sarajevo?,Nudi li hotel uslugu prijevoza s aerodroma do Sarajeva?,"Yes, Hotel Europe offers a shuttle service from Sarajevo Airport.","Da, Hotel Europe nudi uslugu prevoza sa sarajevskog aerodroma.",Accommodation,ask_hotel_transportation
127,English,Is there a taxi service available at the hotel in Mostar?,Ima li usluga taksija u hotelu u Mostaru?,"Yes, Hotel Mostar has a taxi service available for guests.","Da, Hotel Mostar ima taksi službu dostupnu za goste.",Accommodation,ask_hotel_transportation
128,English,Can I rent a bike at the hotel in Banja Luka?,Mogu li iznajmiti bicikl u hotelu u Banja Luci?,"Yes, you can rent a bike at Hotel Bosna in Banja Luka.","Da, možete iznajmiti bicikl u Hotelu Bosna u Banja Luci.",Accommodation,ask_hotel_transportation
129,English,Are there public transportation options close to hotels in Sarajevo?,Ima li opcija javnog prijevoza u blizini hotela u Sarajevu?,"Yes, there are public transportation options close to hotels like Hotel Europe in Sarajevo.","Da, u blizini hotela kao što je Hotel Europe u Sarajevu postoje opcije za javni prevoz.",Accommodation,ask_hotel_transportation
130,English,Is there a free shuttle service to the city center from the hotel in Zenica?,Ima li besplatan shuttle servis do centra grada iz hotela u Zenici?,"Yes, Hotel Dubrovnik in Zenica provides a free shuttle service to the city center.","Da, Hotel Dubrovnik u Zenici nudi besplatan prevoz do centra grada.",Accommodation,ask_hotel_transportation
131,English,"""Can you recommend a good restaurant in Sarajevo?""",Možete li preporučiti dobar restoran u Sarajevu?,"Yes, I can recommend a good restaurant in Sarajevo. Some popular ones include 4 Sobe Gospođe Safije and Avlija.","Da, mogu preporučiti dobar restoran u Sarajevu. Neki od popularnih su 4 Sobe Gospođe Safije i Avlija.",Food and restaurants,ask_restaurant_general
132,English,"""What are some top-rated restaurants in Mostar?""",Koji su neki od najboljih restorana u Mostaru?,"Top-rated restaurants in Mostar include Sadrvan, OKC Abrasevic, and Šadrvan.","Neki od najboljih restorana u Mostaru su Sadrvan, OKC Abrasevic i Šadrvan.",Food and restaurants,ask_restaurant_general
133,English,"""Are there any good vegetarian restaurants in Banja Luka?""",Postoje li dobri restorani za vegetarijance u Banja Luci?,"Yes, Banja Luka has good vegetarian restaurants like Zeleni Pub and Restoran Modo.","Da, Banja Luka ima dobre restorane za vegetarijance kao što su Zeleni Pub i Restoran Modo.",Food and restaurants,ask_restaurant_general
134,English,"""Where can I find authentic Bosnian cuisine?""",Gdje mogu pronaći autentičnu bosansku kuhinju?,"Authentic Bosnian cuisine can be found in many restaurants throughout Bosnia, including Avlija in Sarajevo and Sadrvan in Mostar.","Autentičnu bosansku kuhinju možete naći u mnogim restoranima širom Bosne, uključujući Avliju u Sarajevu i Sadrvan u Mostaru.",Food and restaurants,ask_restaurant_general
135,English,"""Which restaurant in Neum has the best seafood?""",Koji restoran u Neumu ima najbolje morske plodove?,Some of the best seafood in Neum can be found at Restaurant Orka and Konoba Bura.,Najbolje morske plodove u Neumu možete naći u restoranima kao što su Restoran Orka i Konoba Bura.,Food and restaurants,ask_restaurant_general
136,English,"""Do you know any Italian restaurants in Sarajevo?""",Poznajete li italijanske restorane u Sarajevu?,"Yes, there are several Italian restaurants in Sarajevo such as Dveri and La Cantinetta.","Da, postoji nekoliko italijanskih restorana u Sarajevu kao što su Dveri i La Cantinetta.",Food and restaurants,ask_cuisine
137,English,"""Where can I get sushi in Mostar?""",Gdje mogu nabaviti sushi u Mostaru?,Sushi can be found in Mostar at restaurants like Sushi Shop Mostar.,Sushi možete naći u Mostaru u restoranima kao što je Sushi Shop Mostar.,Food and restaurants,ask_cuisine
138,English,"""Are there any vegan-friendly restaurants in Banja Luka?""",Postoje li restorani koji su prilagođeni veganskoj ishrani u Banja Luci?,"Yes, Banja Luka has vegan-friendly restaurants, including Zeleni Pub and Restoran Stara Ada.","Da, Banja Luka ima restorane koji su prilagođeni veganskoj ishrani, uključujući Zeleni Pub i Restoran Stara Ada.",Food and restaurants,ask_cuisine
139,English,"""Is there a good restaurant serving Middle Eastern food in Sarajevo?""",Ima li dobrih restorana koji poslužuju Bliskoistočnu hranu u Sarajevu?,"Yes, Sarajevo has great Middle Eastern food at places like Liban and Restaurant Divan.","Da, Sarajevo ima odličnu ponudu Bliskoistočne hrane u restoranima kao što su Liban i Restoran Divan.",Food and restaurants,ask_cuisine
140,English,"""Can you recommend a place for Italian food in Bosnia and Herzegovina?""",Možete li preporučiti mjesto za italijansku hranu u Bosni i Hercegovini?,"Yes, for Italian food in Bosnia, I recommend places like La Cantinetta in Sarajevo and Trattoria Stari Grad in Mostar.","Da, za italijansku hranu u Bosni, preporučujem restorane kao što su La Cantinetta u Sarajevu i Trattoria Stari Grad u Mostaru.",Food and restaurants,ask_cuisine
141,English,"""What are top 5 best traditional meals served in Bosnia and Herzegovina?""",Koja su top 5 najboljih tradicionalnih jela koja se poslužuju u Bosni i Hercegovini?,"Top 5 traditional meals in Bosnia and Herzegovina include ćevapi, burek, sarma, japrak, and pita.","Top 5 tradicionalnih jela u Bosni i Hercegovini su ćevapi, burek, sarma, japrak i pita.",Food and restaurants,ask_chef_special
142,English,"""What’s the most popular dish served in Mostar?""",Koje je najpopularnije jelo u Mostaru?,The most popular dish served in Mostar is ćevapi.,Najpopularnije jelo u Mostaru su ćevapi.,Food and restaurants,ask_chef_special
143,English,"""Is there a signature dish at any restaurant in Neum?""",Ima li potpisnog jela u nekom restoranu u Neumu?,"Yes, several restaurants in Neum offer signature seafood dishes, including Restaurant Orka.","Da, nekoliko restorana u Neumu nudi potpisna jela od morskih plodova, uključujući Restoran Orka.",Food and restaurants,ask_chef_special
144,English,"""What’s the recommended dish in a restaurant near the Old Bridge in Mostar?""",Koje jelo je preporučeno u restoranu blizu Starog Mosta u Mostaru?,"Recommended dishes near the Old Bridge in Mostar include grilled fish, ćevapi, and traditional Bosnian pitas.","Preporučena jela u restoranima blizu Starog Mosta u Mostaru uključuju pečenu ribu, ćevape i tradicionalne bosanske pite.",Food and restaurants,ask_chef_special
145,English,"""Are there any restaurants in Sarajevo with gluten-free meals?""",Ima li restorana u Sarajevu koji nude obroke bez glutena?,"Yes, some restaurants in Sarajevo offer gluten-free meals, such as Avlija and Avlija 2.","Da, neki restorani u Sarajevu nude bezglutenske obroke, kao što su Avlija i Avlija 2.",Food and restaurants,ask_dietary_restrictions
146,English,"""Do restaurants in Mostar offer vegetarian or vegan options?""",Nude li restorani u Mostaru vegetarijanske ili veganske opcije?,"Yes, many restaurants in Mostar offer vegetarian and vegan options.","Da, mnogi restorani u Mostaru nude vegetarijanske i veganske opcije.",Food and restaurants,ask_dietary_restrictions
147,English,"""Which restaurants in Banja Luka have halal food?""",Koji restorani u Banja Luci imaju halal hranu?,"Several restaurants in Banja Luka offer halal food, such as Restoran Modo and Restoran Stara Ada.","Nekoliko restorana u Banja Luci nudi halal hranu, kao što su Restoran Modo i Restoran Stara Ada.",Food and restaurants,ask_dietary_restrictions
148,English,"""Is there a restaurant in Zenica with low-carb options?""",Ima li restorana u Zenici koji nude opcije sa niskim udjelom ugljikohidrata?,"Yes, some restaurants in Zenica offer low-carb options, such as Restoran Pizzeria Stari Grad.","Da, neki restorani u Zenici nude opcije sa niskim udjelom ugljikohidrata, kao što je Restoran Pizzeria Stari Grad.",Food and restaurants,ask_dietary_restrictions
149,English,"""Where can I find a restaurant in Sarajevo that serves dairy-free meals?""",Gdje mogu pronaći restoran u Sarajevu koji poslužuje obroke bez mliječnih proizvoda?,"Yes, there are dairy-free meals available at many restaurants in Sarajevo, including Avlija and Liban.","Da, mnogi restorani u Sarajevu nude obroke bez mliječnih proizvoda, kao što su Avlija i Liban.",Food and restaurants,ask_dietary_restrictions
150,English,"""Can I make a reservation at a restaurant in Sarajevo for tomorrow night?""",Mogu li napraviti rezervaciju u restoranu u Sarajevu za sutra navečer?,"Yes, you can make a reservation at a restaurant in Sarajevo for tomorrow night.","Da, možete napraviti rezervaciju u restoranu u Sarajevu za sutra navečer.",Food and restaurants,ask_reservation
151,English,"""Do I need to book a table in advance for a restaurant in Mostar?""",Trebam li unaprijed rezervisati sto za restoran u Mostaru?,"Yes, booking a table in advance is recommended in Mostar.","Da, preporučuje se unaprijed rezervisanje stola u Mostaru.",Food and restaurants,ask_reservation
152,English,"""Can I reserve a table at the restaurant in Banja Luka for a group of 10?""",Mogu li rezervisati sto u restoranu u Banja Luci za grupu od 10 osoba?,"Yes, you can reserve a table at a restaurant in Banja Luka for a group of 10.","Da, možete rezervisati sto za 10 osoba u restoranu u Banja Luci.",Food and restaurants,ask_reservation
153,English,"""Is it necessary to book a table for dinner at a restaurant in Neum?""",Da li je potrebno rezervisati sto za večeru u restoranu u Neumu?,"It's recommended to book a table in Neum for dinner, especially during peak season.","Preporučuje se da rezervišete sto za večeru u Neumu, posebno tokom vrhunske sezone.",Food and restaurants,ask_reservation
154,English,"""How can I reserve a table at the top restaurant in Sarajevo?""",Kako mogu rezervisati sto u najboljem restoranu u Sarajevu?,You can reserve a table at top restaurants in Sarajevo by calling ahead or booking online.,Sto u najboljim restoranima u Sarajevu možete rezervisati pozivom ili online putem.,Food and restaurants,ask_reservation
155,English,"""What time does the restaurant in Sarajevo open?""",U koliko sati restoran u Sarajevu otvara?,The restaurant in Sarajevo usually opens around 10 AM.,Restoran u Sarajevu obično otvara u 10 sati ujutro.,Food and restaurants,ask_opening_hours
156,English,"""What are the opening hours for restaurants in Mostar?""",Koji su radni sati restorana u Mostaru?,Restaurants in Mostar generally open from 9 AM to 10 PM.,Restorani u Mostaru obično rade od 9 ujutro do 10 uvečer.,Food and restaurants,ask_opening_hours
157,English,"""Do restaurants in Banja Luka stay open late?""",Da li restorani u Banja Luci ostaju otvoreni do kasno?,"Yes, many restaurants in Banja Luka stay open late, especially in the weekends.","Da, mnogi restorani u Banja Luci ostaju otvoreni do kasno, posebno vikendom.",Food and restaurants,ask_opening_hours
158,English,"""Is the restaurant in Zenica open on Sundays?""",Da li restoran u Zenici radi nedjeljom?,"Some restaurants in Zenica are open on Sundays, but it's best to check.","Neki restorani u Zenici su otvoreni nedeljom, ali je najbolje provjeriti.",Food and restaurants,ask_opening_hours
159,English,"""When does the restaurant near the Old Bridge in Mostar close?""",Kada restoran blizu Starog Mosta u Mostaru zatvara?,The restaurant near the Old Bridge in Mostar typically closes around midnight.,Restoran blizu Starog Mosta u Mostaru obično se zatvara oko ponoći.,Food and restaurants,ask_opening_hours
160,English,"""Where is the best restaurant in Sarajevo?""",Gdje je najbolji restoran u Sarajevu?,"The best restaurant in Sarajevo is subjective, but top choices include 4 Sobe Gospođe Safije and Avlija.","Najbolji restoran u Sarajevu je subjektivno, ali top izbori uključuju 4 Sobe Gospođe Safije i Avliju.",Food and restaurants,ask_location
161,English,"""Can you tell me where the seafood restaurant is in Neum?""",Možete li mi reći gdje se nalazi restoran sa morskim plodovima u Neumu?,"The seafood restaurant in Neum is located along the main promenade, like Restaurant Orka.","Restoran sa morskim plodovima u Neumu je lociran duž glavne promenade, poput Restorana Orka.",Food and restaurants,ask_location
162,English,"""What’s the address of the popular restaurant in Banja Luka?""",Koja je adresa popularnog restorana u Banja Luci?,Popular restaurants in Banja Luka include Restoran Modo and Restoran Stara Ada.,Popularni restorani u Banja Luci uključuju Restoran Modo i Restoran Stara Ada.,Food and restaurants,ask_location
163,English,"""Is there a restaurant near the city center in Mostar?""",Ima li restorana blizu centra grada u Mostaru?,"Yes, there are many restaurants near the city center in Mostar.","Da, postoji mnogo restorana blizu centra grada u Mostaru.",Food and restaurants,ask_location
164,English,"""How do I get to the restaurant by the river in Zenica?""",Kako doći do restorana uz rijeku u Zenici?,"To reach the restaurant by the river in Zenica, you can use public transport or drive to the city center.","Da biste došli do restorana uz rijeku u Zenici, možete koristiti javni prevoz ili voziti do centra grada.",Food and restaurants,ask_location
165,English,"""Is there parking available at the restaurant in Sarajevo?""",Da li je dostupno parking mjesto kod restorana u Sarajevu?,"Yes, parking is available at many restaurants in Sarajevo.","Da, parking je dostupan u mnogim restoranima u Sarajevu.",Food and restaurants,ask_parking
166,English,"""Can I park near the restaurant in Mostar?""",Mogu li parkirati blizu restorana u Mostaru?,Parking near restaurants in Mostar is available in nearby lots or on the street.,Parking u blizini restorana u Mostaru dostupan je u obližnjim parkingima ili na ulici.,Food and restaurants,ask_parking
167,English,"""Does the restaurant in Banja Luka offer free parking?""",Nudi li restoran u Banja Luci besplatan parking?,Many restaurants in Banja Luka offer free parking.,Mnogi restorani u Banja Luci nude besplatan parking.,Food and restaurants,ask_parking
168,English,"""Is parking available for customers at the restaurant in Zenica?""",Da li je parking dostupan za posjetitelje u restoranu u Zenici?,"Yes, parking is available at many restaurants in Zenica.","Da, parking je dostupan u mnogim restoranima u Zenici.",Food and restaurants,ask_parking
169,English,"""Where can I park when dining at a restaurant in Neum?""",Gdje mogu parkirati kada jedem u restoranu u Neumu?,Restaurants in Neum typically offer parking close to the dining area.,Restorani u Neumu obično nude parking u blizini restorana.,Food and restaurants,ask_parking
170,English,"""Do you have any special offers for dinner at restaurants in Sarajevo?""",Da li imate neke specijalne ponude za večeru u restoranima u Sarajevu?,"Yes, some restaurants in Sarajevo offer special dinner offers, especially during holidays.","Da, neki restorani u Sarajevu nude specijalne ponude za večere, posebno tokom praznika.",Food and restaurants,ask_special_offers
171,English,"""Are there any discounts available at restaurants in Mostar this weekend?""",Ima li popusta u restoranima u Mostaru ovaj vikend?,"Yes, some restaurants in Mostar offer discounts, especially during weekdays or low seasons.","Da, neki restorani u Mostaru nude popuste, posebno tokom radnih dana ili u vansezoni.",Food and restaurants,ask_special_offers
172,English,"""Is there a happy hour at restaurants in Banja Luka?""",Ima li happy hour u restoranima u Banja Luci?,"Yes, some restaurants in Banja Luka offer happy hour deals.","Da, neki restorani u Banja Luci nude happy hour ponude.",Food and restaurants,ask_special_offers
173,English,"""Do restaurants in Zenica offer lunch specials?""",Nude li restorani u Zenici specijalne ponude za ručak?,"Yes, many restaurants in Zenica offer lunch specials.","Da, mnogi restorani u Zenici nude ručkove sa specijalnim ponudama.",Food and restaurants,ask_special_offers
174,English,"""Are there any ongoing promotions at restaurants in Neum?""",Ima li trenutnih promocija u restoranima u Neumu?,Some restaurants in Neum may offer ongoing promotions or seasonal discounts.,Neki restorani u Neumu mogu imati promotivne akcije ili sezonske popuste.,Food and restaurants,ask_special_offers
175,English,"""Does the restaurant in Sarajevo offer delivery?""",Da li restoran u Sarajevu nudi dostavu?,"Yes, some restaurants in Sarajevo offer delivery, especially through food apps.","Da, neki restorani u Sarajevu nude dostavu, posebno putem aplikacija za hranu.",Food and restaurants,ask_delivery
176,English,"""Can I get food delivered from the restaurant in Mostar?""",Mogu li dobiti hranu iz restorana u Mostaru dostavom?,"Yes, some restaurants in Mostar provide food delivery, including through popular platforms.","Da, neki restorani u Mostaru nude uslugu dostave, uključujući popularne platforme.",Food and restaurants,ask_delivery
177,English,"""Do restaurants in Banja Luka provide home delivery?""",Nude li restorani u Banja Luci uslugu dostave na kućnu adresu?,"Yes, some restaurants in Banja Luka provide home delivery.","Da, neki restorani u Banja Luci nude dostavu na kućnu adresu.",Food and restaurants,ask_delivery
178,English,"""Is there food delivery from restaurants in Zenica?""",Da li restorani u Zenici nude dostavu?,"Yes, food delivery is available from many restaurants in Zenica.","Da, usluga dostave je dostupna u mnogim restoranima u Zenici.",Food and restaurants,ask_delivery
179,English,"""Which restaurants in Neum offer delivery services?""",Koji restorani u Neumu nude usluge dostave?,"Yes, restaurants in Neum like Restaurant Orka offer delivery services.","Da, restorani u Neumu kao što je Restoran Orka nude usluge dostave.",Food and restaurants,ask_delivery
180,English,"""Can I pay with a credit card at the restaurant in Sarajevo?""",Mogu li platiti kreditnom karticom u restoranu u Sarajevu?,"Yes, you can pay with a credit card at many restaurants in Sarajevo.","Da, možete platiti kreditnom karticom u mnogim restoranima u Sarajevu.",Food and restaurants,ask_payment_methods
181,English,"""Does the restaurant in Mostar accept digital payments?""",Da li restoran u Mostaru prihvata digitalna plaćanja?,Many restaurants in Mostar accept digital payments like credit cards and mobile apps.,Mnogi restorani u Mostaru prihvataju digitalna plaćanja kao što su kreditne kartice i mobilne aplikacije.,Food and restaurants,ask_payment_methods
182,English,"""Is there a restaurant in Banja Luka where I can pay via mobile app?""",Ima li restoran u Banja Luci gdje mogu platiti putem mobilne aplikacije?,"Yes, some restaurants in Banja Luka accept payment via mobile apps.","Da, neki restorani u Banja Luci prihvataju plaćanje putem mobilnih aplikacija.",Food and restaurants,ask_payment_methods
183,English,"""Can I pay with cash at the restaurant in Zenica?""",Mogu li platiti gotovinom u restoranu u Zenici?,"Yes, cash payments are accepted at most restaurants in Zenica.","Da, restorani u Zenici prihvataju plaćanje gotovinom.",Food and restaurants,ask_payment_methods
184,English,"""What payment methods are accepted at the restaurant in Neum?""",Koje metode plačanja se prihvataju u restoranu u Neumu?,"Payment methods at restaurants in Neum typically include credit cards, mobile apps, and cash.","Na restoranima u Neumu obično se prihvataju kreditne kartice, mobilne aplikacije i gotovina.",Food and restaurants,ask_payment_methods
185,English,"""What do customers say about the restaurant in Sarajevo?""",Šta kupci kažu o restoranu u Sarajevu?,"Reviews for the restaurant in Sarajevo are generally positive, highlighting good food and ambiance.","Recenzije za restoran u Sarajevu su uglavnom pozitivne, s naglaskom na dobru hranu i ambijent.",Food and restaurants,ask_reviews
186,English,"""How are the reviews for the restaurant in Mostar?""",Kakve su recenzije za restoran u Mostaru?,"Reviews for the restaurant in Mostar are mostly favorable, especially for its traditional dishes.","Recenzije za restoran u Mostaru su uglavnom povoljne, posebno za tradicionalna jela.",Food and restaurants,ask_reviews
187,English,"""Is the restaurant in Banja Luka highly rated?""",Da li je restoran u Banja Luci visoko ocijenjen?,"Yes, the restaurant in Banja Luka is highly rated for its service and quality.","Da, restoran u Banja Luci ima visoke ocene zbog usluge i kvaliteta.",Food and restaurants,ask_reviews
188,English,"""What do people think about the food at restaurants in Zenica?""",Šta ljudi misle o hrani u restoranima u Zenici?,"Restaurants in Zenica are generally well-reviewed, especially for their local dishes.","Restorani u Zenici uglavnom imaju dobre recenzije, posebno za lokalna jela.",Food and restaurants,ask_reviews
189,English,"""Can you tell me the reviews for a restaurant near the Old Bridge in Mostar?""",Možete li mi reći recenzije za restoran blizu Starog Mosta u Mostaru?,Reviews for the restaurant near the Old Bridge in Mostar often mention great service and traditional Bosnian cuisine.,Recenzije za restoran blizu Starog Mosta u Mostaru često spominju odličnu uslugu i tradicionalnu bosansku kuhinju.,Food and restaurants,ask_reviews
190,English,"""Where can I go hiking near Sarajevo?""",Gdje mogu ići na planinarenje u blizini Sarajeva?,Trebević Mountain is a popular hiking spot close to Sarajevo.,Planina Trebević je popularno mjesto za planinarenje blizu Sarajeva.,Activities and attractions,ask_hiking
191,English,"""Are there guided hiking tours in Bosnia?""",Postoje li vođene pješačke ture u Bosni?,"Yes, many tour operators offer guided hikes in areas like Sutjeska National Park.","Da, mnogi turistički operateri nude vođene ture u oblastima poput Nacionalnog parka Sutjeska.",Activities and attractions,ask_hiking
192,English,"""Is Sutjeska National Park good for beginner hikers?""",Da li je Nacionalni park Sutjeska dobar za planinare početnike?,"Yes, it has trails for all skill levels, including beginners.","Da, ima staza za sve nivoe vještine, uključujući početnike.",Activities and attractions,ask_hiking
193,English,"""Are hiking trails in Bosnia well-marked?""",Da li su pješačke staze u Bosni dobro označene?,"Most popular trails are well-marked, but it’s always good to have a map or GPS.","Najpopularnije staze su dobro označene, ali uvijek je dobro imati kartu ili GPS.",Activities and attractions,ask_hiking
194,English,"""What should I bring for a hike in Bosnia?""",Šta da ponesem za planinarenje u Bosni?,"Comfortable shoes, water, snacks, and a map are essential.","Udobne cipele, voda, užina i karta su neophodni.",Activities and attractions,ask_hiking
195,English,"""Are there any cultural festivals in Sarajevo?""",Ima li kulturnih festivala u Sarajevu?,"Yes, the Sarajevo Film Festival and Baščaršija Nights are some of the famous cultural events.","Da, Sarajevo Film Festival i Baščaršijske noći su neki od poznatih kulturnih događaja u Bosni i Hercegovini.",Activities and attractions,ask_culture
196,English,"""Can I watch traditional dance performances in Bosnia?""",Mogu li gledati tradicionalne plesne igre u Bosni?,"Yes, some cultural centers and festivals feature traditional Bosnian dances.","Da, neki kulturni centri i festivali predstavljaju tradicionalne bosanske plesove.",Activities and attractions,ask_culture
197,English,"""What is a must-see cultural site in Mostar?""",Koje kulturno mjesto moram posjetiti u Mostaru?,The Old Bridge and its surrounding Old Town are iconic cultural landmarks.,Stari most i okolna Stara čaršija su ikonični kulturni spomenici.,Activities and attractions,ask_culture
198,English,"""Are museums open on weekends in Bosnia?""",Da li su muzeji otvoreni vikendom u Bosni?,"Most museums are open on weekends, but hours may vary by city.","Većina muzeja je otvorena vikendom, ali radno vrijeme može varirati u zavisnosti od grada.",Activities and attractions,ask_culture
199,English,"""What is the best way to learn about Bosnian culture?""",Koji je najbolji način da se nauči o bosanskoj kulturi?,"Visiting local markets, historical sites, and cultural events are great ways to immerse yourself.","Posjeta lokalnim pijacama, historijskim mjestima i kulturnim događajima odličan je način da se uroni u kulturu.",Activities and attractions,ask_culture
200,English,"""Where is the Old Bridge located?""",Gdje se nalazi Stari most?,"The Old Bridge is in the heart of Mostar, a historic city in Herzegovina.","Stari most se nalazi u srcu Mostara, historijskog grada u Hercegovini.",Activities and attractions,ask_landmarks
201,English,"""Can I visit the Sarajevo Tunnel Museum?""",Mogu li posjetiti Muzej Tunel Sarajevo?,"Yes, the museum is open to visitors and offers a glimpse into Sarajevo’s history.","Da, muzej je otvoren za posjetioce i pruža uvid u historiju Sarajeva.",Activities and attractions,ask_landmarks
202,English,"""What’s the best viewpoint in Sarajevo?""",Koji je najbolji vidikovac u Sarajevu?,"The Yellow Fortress offers stunning views of Sarajevo, especially at sunset.","Žuta tabija nudi zadivljujući pogled na Sarajevo, posebno pri zalasku sunca.",Activities and attractions,ask_landmarks
203,English,"""Is the Gazi Husrev-beg Mosque open to tourists?""",Da li je džamija Gazi Husrev-beg otvorena za turiste?,"Yes, visitors are welcome to explore the mosque outside of prayer times.","Da, posjetioci mogu istražiti džamiju van vremena molitve.",Activities and attractions,ask_landmarks
204,English,"""What’s the significance of the Stari Grad Fortress in Travnik?""",Koji je značaj Starog grada u Travniku?,It’s a well-preserved medieval fortress with historical importance.,To je dobro očuvana srednjovjekovna tvrđava od historijskog značaja.,Activities and attractions,ask_landmarks
205,English,"""What are the best waterfalls to visit in Bosnia?""",Koji su najbolji vodopadi za posjetiti u Bosni?,Kravica Waterfalls and Pliva Waterfalls are stunning natural attractions.,Vodopadi Kravica i Pliva su zadivljujuće prirodne atrakcije.,Activities and attractions,ask_nature
206,English,"""Can I swim in the Kravica Waterfalls?""",Mogu li plivati u vodopadu Kravica?,"Yes, swimming is allowed in designated areas of Kravica Waterfalls.","Da, plivanje je dozvoljeno u označenim područjima vodopada Kravica.",Activities and attractions,ask_nature
207,English,"""Are there national parks in Bosnia?""",Postoje li nacionalni parkovi u Bosni?,"Yes, Sutjeska, Una, and Kozara National Parks are popular destinations.","Da, Nacionalni parkovi Sutjeska, Una i Kozara su popularne destinacije.",Activities and attractions,ask_nature
208,English,"""Where can I see wild animals in Bosnia?""",Gdje mogu vidjeti divlje životinje u Bosni?,Sutjeska National Park and other nature reserves are great for wildlife spotting.,Nacionalni park Sutjeska i drugi prirodni rezervati odlični su za posmatranje divljih životinja.,Activities and attractions,ask_nature
209,English,"""Is rafting available in Bosnia?""",Da li je rafting dostupan u Bosni?,"Yes, rafting on the Neretva, Vrbas and Una Rivers is a popular activity.","Da, rafting na rijekama Neretva, Vrbas i Una je popularna aktivnost.",Activities and attractions,ask_nature
210,English,"""Are there cooking classes for tourists in Sarajevo?""",Postoje li tečajevi kuhanja za turiste u Sarajevu?,"Yes, some local restaurants and tour companies offer Bosnian cooking classes.","Da, neki lokalni restorani i turističke agencije nude časove bosanske kuhinje.",Activities and attractions,ask_food
211,English,"""What is a traditional Bosnian dessert?""",Koji je tradicionalni bosanski desert?,Baklava and tufahija are traditional Bosnian desserts you must try.,Baklava i tufahija su tradicionalni bosanski deserti koje morate probati.,Activities and attractions,ask_food
212,English,"""Where can I try authentic ćevapi?""",Gdje mogu probati autentične ćevape?,Ćevabdžinica Željo in Sarajevo is famous for its ćevapi.,Ćevabdžinica Željo u Sarajevu je poznata po svojim ćevapima.,Activities and attractions,ask_food
213,English,"""Do restaurants in Bosnia offer vegetarian options?""",Da li restorani u Bosni nude vegetarijanske opcije?,"Many restaurants offer vegetarian dishes, but options might be limited.","Mnogi restorani nude vegetarijanska jela, ali izbor može biti ograničen.",Activities and attractions,ask_food
214,English,"""Can I taste Herzegovinian wines in Mostar?""",Mogu li kušati hercegovačka vina u Mostaru?,"Yes, there are wineries and wine-tasting tours in Mostar and its surroundings.","Da, u Mostaru i okolini postoje vinarije i ture degustacije vina.",Activities and attractions,ask_food
215,English,"""Where can I go zip-lining in Bosnia?""",Gdje mogu ići na zip-line u Bosni?,The zip-line near the Old Bridge in Mostar is a popular choice.,Zip-line blizu Starog mosta u Mostaru je popularan izbor.,Activities and attractions,ask_adventure
216,English,"""Is paragliding available in Bosnia?""",Da li je paraglajding dostupan u Bosni?,"Yes, paragliding is offered at locations like Bjelašnica Mountain.","Da, paraglajding je dostupan na lokacijama poput planine Bjelašnica.",Activities and attractions,ask_adventure
217,English,"""Are there caves to explore in Bosnia?""",Postoje li pećine za istraživanje u Bosni?,"Yes, Vjetrenica Cave is one of the most famous caves in Bosnia.","Da, pećina Vjetrenica je jedna od najpoznatijih pećina u Bosni.",Activities and attractions,ask_adventure
218,English,"""Can I go skiing in Bosnia during winter?""",Mogu li ići na skijanje u Bosni tokom zime?,"Yes, Bjelašnica and Jahorina Mountains are top skiing destinations.","Da, planine Bjelašnica i Jahorina su top destinacije za skijanje.",Activities and attractions,ask_adventure
219,English,"""What’s the best spot for rafting in Bosnia?""",Koje je najbolje mjesto za rafting u Bosni?,The Una River is renowned for its thrilling rafting experiences.,Rijeka Una je poznata po uzbudljivim rafting iskustvima.,Activities and attractions,ask_adventure
220,English,"""What is the significance of the Latin Bridge?""",Koji je značaj Latinske ćuprije?,It’s the site of the assassination that sparked World War I.,To je mjesto atentata koji je pokrenuo Prvi svjetski rat.,Activities and attractions,ask_history
221,English,"""Can I visit medieval castles in Bosnia?""",Mogu li posjetiti srednjovjekovne dvorce u Bosni?,"Yes, Jajce Castle and Ostrožac Castle are popular medieval sites.","Da, tvrđave Jajce i Ostrožac su popularna srednjovjekovna mjesta.",Activities and attractions,ask_history
222,English,"""Where can I learn about Bosnia’s Ottoman history?""",Gdje mogu naučiti o historiji Bosne u Osmanskom carstvu?,Baščaršija in Sarajevo is a great place to explore Ottoman heritage.,Baščaršija u Sarajevu je odlično mjesto za istraživanje osmanskog nasljeđa.,Activities and attractions,ask_history
223,English,"""What’s the historical importance of Mostar?""",Koji je historijski značaj Mostara?,Mostar was a key trade hub during the Ottoman Empire and is famous for its Old Bridge.,Mostar je bio ključni trgovački centar tokom Osmanskog carstva i poznat je po Starom mostu.,Activities and attractions,ask_history
224,English,"""Are there Roman ruins in Bosnia?""",Postoje li nalazišta Rimskog carstva u Bosni?,"Yes, Mogorjelo near Čapljina is a well-preserved Roman villa rustica.","Da, Mogorjelo kod Čapljine je dobro očuvana rimska vila rustica.",Activities and attractions,ask_history
225,English,"""Are there hot springs in Bosnia?""",Postoje li termalne izvori u Bosni?,"Yes, Ilidža near Sarajevo is famous for its thermal spas.","Da, Ilidža kod Sarajeva je poznata po svojim termalnim banjama.",Activities and attractions,ask_relaxation
226,English,"""Can I book a wellness retreat in Bosnia?""",Mogu li rezervisati wellness odmor u Bosni?,"Yes, several resorts offer wellness retreats, especially near nature parks.","Da, nekoliko odmarališta nude wellness odmore, posebno u blizini prirodnih parkova.",Activities and attractions,ask_relaxation
227,English,"""Are there beaches in Bosnia?""",Ima li plaža u Bosni?,Bosnia has a small coastline at Neum with beaches for relaxation.,Bosna ima malu obalu u Neumu sa plažama za opuštanje.,Activities and attractions,ask_relaxation
228,English,"""Where can I find peaceful nature spots in Bosnia?""",Gdje mogu pronaći mirna prirodna mjesta u Bosni?,Pliva Lakes and Prokoško Lake are serene and ideal for relaxation.,Plivačka jezera i Prokoško jezero su mirna mjesta idealna za opuštanje.,Activities and attractions,ask_relaxation
229,English,"""Is yoga popular in Bosnia?""",Je li joga popularna u Bosni?,Yoga classes and retreats are available in larger cities like Sarajevo and Banja Luka.,Časovi joge i povlačenja su dostupni u većim gradovima poput Sarajeva i Banja Luke.,Activities and attractions,ask_relaxation
230,English,"""Where can I find a traditional market in Sarajevo?""",Gdje mogu pronaći tradicionalnu pijacu u Sarajevu?,Baščaršija is a famous traditional market in Sarajevo.,Baščaršija je poznata tradicionalna pijaca u Sarajevu.,Shopping,ask_markets
231,English,"""Are there any farmers' markets in Mostar?""",Ima li poljoprivrednih pijaca u Mostaru?,"Yes, Mostar Market near the Old Town offers fresh produce and local goods.","Da, Mostarska pijaca blizu Stare čaršije nudi svježe proizvode i lokalne robe.",Shopping,ask_markets
232,English,"""What are the best days to visit a market in Bosnia?""",Koji su najbolji dani za posjetiti pijacu u Bosni?,Markets are usually busiest and best-stocked on weekends.,Pijace su obično najprometnije i najbolje opskrbljene vikendom.,Shopping,ask_markets
233,English,"""Can I find handmade crafts at Bosnian markets?""",Mogu li pronaći ručno izrađene proizvode na bosanskim pijacama?,"Yes, many markets sell traditional handmade items like rugs and pottery.","Da, mnoge pijace prodaju tradicionalne ručno rađene predmete poput ćilima i keramike.",Shopping,ask_markets
234,English,"""Are markets in Bosnia open year-round?""",Jesu li pijace u Bosni otvorene tokom cijele godine?,"Most markets are open year-round, but some may have reduced hours in winter.","Većina pijaca je otvorena tokom cijele godine, ali neke mogu imati skraćeno radno vrijeme zimi.",Shopping,ask_markets
235,English,"""What’s the largest shopping mall in Sarajevo?""",Koji je najveći tržni centar u Sarajevu?,Sarajevo City Center (SCC) is one of the largest malls in Sarajevo.,Sarajevo City Center (SCC) je jedan od najvećih tržnih centara u Sarajevu.,Shopping,ask_malls
236,English,"""Are there international brands in Bosnian malls?""",Postoje li međunarodni brendovi u bosanskim tržnim centrima?,"Yes, malls like Aria Shopping Center and SCC feature international brands like Zara and H&M.","Da, tržni centri poput Aria Shopping Center i SCC imaju međunarodne brendove poput Zara i H&M.",Shopping,ask_malls
237,English,"""Do malls in Bosnia have entertainment options?""",Imaju li tržni centri u Bosni opcije za zabavu?,"Yes, malls often include cinemas, play areas, and cafes.","Da, tržni centri često uključuju kina, igraonice i kafiće.",Shopping,ask_malls
238,English,"""Can I find luxury stores in Bosnia?""",Mogu li pronaći luksuzne prodavnice u Bosni?,Luxury stores are limited but can be found in upscale malls like Aria Shopping Center.,"Luksuzne prodavnice su ograničene, ali se mogu pronaći u ekskluzivnim centrima poput Aria Shopping Center.",Shopping,ask_malls
239,English,"""Are malls in Bosnia open on Sundays?""",Jesu li tržni centri u Bosni otvoreni nedjeljom?,"Yes, most malls are open on Sundays, but hours may vary.","Da, većina tržnih centara je otvorena nedjeljom, ali radno vrijeme može varirati.",Shopping,ask_malls
240,English,"""What are popular souvenirs from Bosnia?""",Koji su popularni suveniri iz Bosne?,"Traditional coffee sets, handwoven rugs, and copper crafts are popular souvenirs.","Tradicionalni setovi za kafu, ručno tkani ćilimi i bakarni proizvodi su popularni suveniri.",Shopping,ask_souvenirs
241,English,"""Where can I buy authentic Bosnian coffee sets?""",Gdje mogu kupiti autentične bosanske setove za kafu?,Baščaršija in Sarajevo and local artisan shops in Mostar offer authentic coffee sets.,Baščaršija u Sarajevu i lokalne zanatske radnje u Mostaru nude autentične setove za kafu.,Shopping,ask_souvenirs
242,English,"""Are there any unique Bosnian souvenirs?""",Postoje li jedinstveni bosanski suveniri?,"Yes, filigree jewelry and wooden carvings are unique Bosnian souvenirs.","Da, filigranski nakit i drvorezbarstvo su jedinstveni bosanski suveniri.",Shopping,ask_souvenirs
243,English,"""Can I buy souvenirs at the airport?""",Mogu li kupiti suvenire na aerodromu?,"Yes, Sarajevo International Airport has souvenir shops with local products.","Da, Međunarodni aerodrom Sarajevo ima prodavnice suvenira sa lokalnim proizvodima.",Shopping,ask_souvenirs
244,English,"""Are souvenirs in Bosnia expensive?""",Jesu li suveniri u Bosni skupi?,"Most souvenirs are reasonably priced, especially at local markets.","Većina suvenira je povoljno, posebno na lokalnim pijacama.",Shopping,ask_souvenirs
245,English,"""Where can I buy handmade pottery in Bosnia?""",Gdje mogu kupiti ručno rađenu keramiku u Bosni?,Traditional pottery can be found in shops in Sarajevo’s Baščaršija and Travnik.,Tradicionalna keramika se može pronaći u prodavnicama u Baščaršiji i Travniku.,Shopping,ask_artisan_goods
246,English,"""Are there local jewelry makers in Bosnia?""",Ima li lokalnih proizvođača nakita u Bosni?,"Yes, Sarajevo and Mostar have artisans who craft handmade jewelry.","Da, Sarajevo i Mostar imaju zanatlije koji izrađuju ručno rađeni nakit.",Shopping,ask_artisan_goods
247,English,"""Can I visit workshops to see artisans at work?""",Mogu li posjetiti radionice da vidim zanatlije na djelu?,"Yes, some shops in Baščaršija offer live demonstrations of traditional crafts.","Da, neke radnje u Baščaršiji nude demonstracije tradicionalnih zanata uživo.",Shopping,ask_artisan_goods
248,English,"""What are the most famous traditional crafts in Bosnia?""",Koji su najpoznatiji tradicionalni zanati u Bosni?,"Copperwork, rug weaving, and wood carving are well-known traditional crafts.","Bakarski rad, tkanje ćilima i drvorezbarstvo su poznati tradicionalni zanati.",Shopping,ask_artisan_goods
249,English,"""Are artisan goods available outside Sarajevo?""",Jesu li zanatski proizvodi dostupni izvan Sarajeva?,"Yes, cities like Mostar, Travnik, and Konjic have artisan shops as well.","Da, gradovi poput Mostara, Travnika i Konjica imaju zanatske radnje također.",Shopping,ask_artisan_goods
250,English,"""Where can I buy traditional Bosnian clothing?""",Gdje mogu kupiti tradicionalnu bosansku odjeću?,Traditional clothing is available at cultural markets and artisan shops in Sarajevo.,Tradicionalna odjeća je dostupna na kulturnim pijacama i zanatskim radnjama u Sarajevu.,Shopping,ask_clothing
251,English,"""Are there thrift stores in Bosnia?""",Ima li second-hand prodavnica u Bosni?,"Yes, you can find thrift stores in Sarajevo and other larger cities.","Da, u Sarajevu i drugim većim gradovima možete pronaći radnje polovnih stvari.",Shopping,ask_clothing
252,English,"""Can I buy locally-made clothing in Bosnia?""",Mogu li kupiti lokalno proizvedenu odjeću u Bosni?,"Yes, some shops and markets offer locally-made clothing and textiles.","Da, neke radnje i pijace nude odjeću i tekstil proizvedene lokalno.",Shopping,ask_clothing
253,English,"""Are there boutiques for high-end fashion in Bosnia?""",Postoje li butici za luksuznu modu u Bosni?,High-end fashion boutiques are available in malls like SCC and Aria Shopping Center.,Butici sa luksuznom modom dostupni su u tržnim centrima poput SCC i Aria Shopping Center.,Shopping,ask_clothing
254,English,"""What’s the price range for traditional clothing in Bosnia?""",Koji je cjenovni raspon za tradicionalnu odjeću u Bosni?,"Prices vary, but traditional clothing is usually affordable and depends on the craftsmanship.","Cijene variraju, ali tradicionalna odjeća je obično povoljna i zavisi od izrade.",Shopping,ask_clothing
255,English,"""Where can I buy traditional Bosnian food products?""",Gdje mogu kupiti tradicionalne bosanske prehrambene proizvode?,"Local markets and specialty shops sell traditional products like honey, ajvar, and cheeses.","Lokalni proizvodi poput meda, ajvara i sireva prodaju se na pijacama i specijaliziranim prodavnicama.",Shopping,ask_food_shopping
256,English,"""Can I bring Bosnian food items home as gifts?""",Mogu li ponijeti bosanske prehrambene proizvode kući kao poklone?,"Yes, packaged products like honey, dried fruits, and rakija make great gifts.","Da, pakovani proizvodi poput meda, suhog voća i rakije odličan su poklon.",Shopping,ask_food_shopping
257,English,"""Are there halal food shops in Bosnia?""",Ima li halal prodavnica hrane u Bosni?,"Yes, halal food is widely available in Bosnia, especially in Sarajevo.","Da, halal hrana je široko dostupna u Bosni, posebno u Sarajevu.",Shopping,ask_food_shopping
258,English,"""What’s the best place to buy local honey in Bosnia?""",Koje je najbolje mjesto za kupovinu lokalnog meda u Bosni?,Farmers’ markets and specialty food shops often sell high-quality local honey.,Poljoprivredne pijace i specijalizovane prodavnice hrane često prodaju visokokvalitetni domaći med.,Shopping,ask_food_shopping
259,English,"""Can I find organic products in Bosnian stores?""",Mogu li pronaći organske proizvode u bosanskim trgovinama?,"Yes, organic products are available at health food stores and farmers’ markets.","Da, organski proizvodi su dostupni u prodavnicama zdrave hrane i na pijacama.",Shopping,ask_food_shopping
260,English,"""Is shopping in Bosnia expensive?""",Je li kupovina u Bosni skupa?,Shopping in Bosnia is generally affordable compared to Western Europe.,Kupovina u Bosni je generalno povoljna u poređenju sa zapadnom Evropom.,Shopping,ask_pricing
261,English,"""Are prices negotiable at markets?""",Jesu li cijene na pijacama u Bosni podložne pregovorima?,"Yes, you can often negotiate prices at local markets and with street vendors.","Da, cijene se često mogu pregovarati na lokalnim pijacama i kod uličnih prodavača.",Shopping,ask_pricing
262,English,"""Do shops in Bosnia accept credit cards?""",Prihvaćaju li prodavnice u Bosni kreditne kartice?,"Most larger stores and malls accept credit cards, but smaller shops may not.","Veće radnje i tržni centri prihvataju kreditne kartice, ali manje radnje možda neće.",Shopping,ask_pricing
263,English,"""Are taxes included in the price tags in Bosnia?""",Jesu li porezi uključeni u cijene u Bosni?,"Yes, prices usually include taxes.","Da, cijene obično uključuju poreze.",Shopping,ask_pricing
264,English,"""Can I get a VAT refund on purchases in Bosnia?""",Mogu li dobiti povrat PDV-a na kupovine u Bosni?,"Yes, tourists can claim VAT refunds for eligible purchases made in Bosnia.","Da, turisti mogu tražiti povrat PDV-a za kupovine u Bosni koje ispunjavaju uslove.",Shopping,ask_pricing
265,English,"""Where can I buy traditional Bosnian rugs?""",Gdje mogu kupiti tradicionalne bosanske ćilime?,You can find handmade rugs at artisan shops in Sarajevo and Mostar.,Ručno tkani ćilimi mogu se pronaći u zanatskim radnjama u Sarajevu i Mostaru.,Shopping,ask_specialty
266,English,"""Are there shops for outdoor gear in Bosnia?""",Ima li prodavnica za opremu na otvorenom u Bosni?,"Yes, outdoor and sports gear can be found in malls and specialty stores in Sarajevo.","Da, oprema za vanjske aktivnosti i sportsku opremu može se pronaći u tržnim centrima i specijaliziranim prodavnicama u Sarajevu.",Shopping,ask_specialty
267,English,"""Can I buy local wines in Bosnia?""",Mogu li kupiti lokalna vina u Bosni?,"Yes, Herzegovina is known for its wines, which are available at wineries and shops.","Da, Hercegovina je poznata po svojim vinima, koja su dostupna u vinarijama i prodavnicama.",Shopping,ask_specialty
268,English,"""Are there bookstores with English books in Bosnia?""",Ima li knjižara s knjigama na engleskom jeziku u Bosni?,"Yes, bookstores in larger cities like Sarajevo often carry books in English.","Da, knjižare u većim gradovima poput Sarajeva često imaju knjige na engleskom jeziku.",Shopping,ask_specialty
269,English,"""Where can I buy musical instruments in Bosnia?""",Gdje mogu kupiti muzičke instrumente u Bosni?,Traditional instruments like the saz can be found at specialty music shops.,Tradicionalni instrumenti poput saza mogu se pronaći u specijaliziranim muzičkim radnjama.,Shopping,ask_specialty
270,English,"""How do I get to the Old Bridge in Mostar?""",Kako da dođem do Starog mosta u Mostaru?,"The Old Bridge is in the center of Mostar's Old Town. Follow the signs marked ""Stari Most"" from anywhere in the city.","Stari most je u centru Stare čaršije Mostara. Pratite znakove sa natpisom ""Stari most"" iz bilo kojeg dijela grada.",Directions,ask_directions_to_landmark
271,English,"""Where is the Gazi Husrev-beg Mosque located?""",Gdje se nalazi Gazi Husrev-begova džamija?,"It is in the Baščaršija district of Sarajevo, near the main bazaar.","Nalazi se u Baščaršiji u Sarajevu, blizu glavne pijace.",Directions,ask_directions_to_landmark
272,English,"""Where can I find the main bus station in Sarajevo?""",Gdje se nalazi glavna autobuska stanica u Sarajevu?,"The main bus station is located in the city center, near the train station on Put života Street.","Glavna autobuska stanica se nalazi u centru grada, blizu željezničke stanice na ulici Put života.",Directions,ask_directions_to_public_transport
273,English,"""How do I get to the tram stop in Baščaršija?""",Kako da dođem do tramvajske stanice u Baščaršiji?,"Walk toward the Sebilj Fountain, and you’ll find the tram stop just a few meters away.","Idite prema Sebilju, i tramvajska stanica je udaljena samo nekoliko metara.",Directions,ask_directions_to_public_transport
274,English,"""Where can I park near Baščaršija?""",Gdje mogu parkirati blizu Baščaršije?,"There is a paid parking lot near the Latin Bridge, just a short walk from Baščaršija.","Postoji plaćeni parking blizu Latinske ćuprije, na kratkoj udaljenosti od Baščaršije.",Directions,ask_directions_to_parking
275,English,"""Is there parking near the Kravica Waterfalls?""",Ima li parkinga blizu vodopada Kravica?,"Yes, there is a designated parking area close to the entrance of the waterfalls.","Da, postoji označen parking u blizini ulaza u vodopade.",Directions,ask_directions_to_parking
276,English,"""How far is Sarajevo International Airport from the city center?""",Koliko je daleko Međunarodni aerodrom Sarajevo od centra grada?,"It’s about 10 kilometers from the city center, and you can reach it by taxi or bus.","Aerodrom Sarajevo udaljen je oko 10 kilometara od centra grada, a možete doći taksijem ili autobusom.",Directions,ask_directions_to_airport
277,English,"""What’s the best way to get to Mostar Airport?""",Koji je najbolji način da dođem do aerodroma Mostar?,"A taxi is the most convenient option, as public transport to the airport is limited.",Taksijem je najpogodnije jer je javni prevoz do aerodroma ograničen.,Directions,ask_directions_to_airport
278,English,"""How do I get to Hotel Europe in Sarajevo?""",Kako da dođem do Hotela Evrope u Sarajevu?,"The hotel is located in Baščaršija, near the Gazi Husrev-beg Mosque.","Hotel se nalazi u Baščaršiji, blizu Gazi Husrev-begove džamije.",Directions,ask_directions_to_accommodation
279,English,"""Is there a direct tram to the Holiday Hotel in Sarajevo?""",Postoji li direktan tramvaj do Hotela Holiday u Sarajevu?,"Yes, you can take Tram 3 from the city center and get off at the Skenderija stop.","Da, možete uzeti tramvaj broj 3 iz centra grada i izaći na stanici Skenderija.",Directions,ask_directions_to_accommodation
280,English,"""Where can I find a souvenir shop in Mostar?""",Gdje mogu pronaći prodavnicu suvenira u Mostaru?,Souvenir shops are located along the streets leading to the Old Bridge in the Old Town.,Suvenirnice se nalaze duž ulica koje vode do Starog mosta u Staroj čaršiji.,Directions,ask_directions_to_shops
281,English,"""How do I get to Sarajevo City Center (SCC)?""",Kako da dođem do Sarajevo City Centra (SCC)?,"SCC is in the Marijin Dvor neighborhood, accessible by tram or taxi from the city center.","SCC je u naselju Marijin Dvor, dostupan tramvajem ili taksijem iz centra grada.",Directions,ask_directions_to_shops
282,English,"""Where can I find a good restaurant in Baščaršija?""",Gdje mogu pronaći dobar restoran u Baščaršiji?,"Walk around Baščaršija Square, and you’ll find many traditional restaurants like Ćevabdžinica Željo","Prošetajte oko Baščaršijskog trga, i pronaći ćete mnoge tradicionalne restorane poput Ćevabdžinice Željo.",Directions,ask_directions_to_food
283,English,"""How do I get to the food market in Mostar?""",Kako da dođem do pijace hrane u Mostaru?,"The market is located near the Spanish Square, just a short walk from the main road.","Pijaca se nalazi blizu Španskog trga, na kratkoj udaljenosti od glavne ceste.",Directions,ask_directions_to_food
284,English,"""Where can I rent a bike in Sarajevo?""",Gdje mogu iznajmiti bicikl u Sarajevu?,"There are bike rental shops near Vilsonovo Šetalište, a popular cycling path.","Radnje za iznajmljivanje bicikala nalaze se blizu Vilsonovog šetališta, popularne biciklističke staze.",Directions,ask_directions_to_activities
285,English,"""How do I get to the rafting starting point on the Una River?""",Kako da dođem do polazne tačke za rafting na rijeci Uni?,"The starting point is in Bihać, and most tour operators provide directions or transportation.","Početna tačka je u Bihaću, a većina turističkih agencija pruža upute ili prevoz.",Directions,ask_directions_to_activities
286,English,"""How can I reach Prokoško Lake?""",Kako mogu doći do Prokoškog jezera?,"Prokoško Lake is near the town of Fojnica, accessible by car or local taxi from the town center.","Prokoško jezero je blizu grada Fojnice, dostupno automobilom ili lokalnim taksijem iz centra grada.",Directions,ask_directions_to_nature
287,English,"""Where is the entrance to Sutjeska National Park?""",Gdje se nalazi ulaz u Nacionalni park Sutjeska?,"The main entrance is in Tjentište, along the M20 road.","Glavni ulaz je u Tjentištu, uz magistralni put M20.",Directions,ask_directions_to_nature
288,English,How do I get to the nearest pharmacy in Sarajevo?,Kako da dođem do najbliže apoteke u Sarajevu?,Pharmacies are common in Sarajevo; the closest one is likely near your location. Use Google Maps or ask a local.,Apoteke su uobičajene u Sarajevu; najbliža je vjerovatno u vašoj blizini. Koristite Google Maps ili pitajte lokalnog stanovnika.,Directions,ask_directions_general
289,English,Is it easy to walk to the Latin Bridge from the city center?,Je li lahko pješačiti do Latinske ćuprije iz centra grada?,"Yes, the Latin Bridge is within walking distance from Sarajevo's city center, near the Miljacka River.","Da, Latinska ćuprija je na pješačkoj udaljenosti od centra Sarajeva, blizu rijeke Miljacke.",Directions,ask_directions_general
290,English,How can I report a car accident?,Koji je broj telefona hitnih službi u mom području?,"In Bosnia and Herzegovina, you can call 112 for all emergency services.",U Bosni i Hercegovini možete pozvati 112 za sve hitne službe.,Emergency,report_emergency
291,English,What do I do if I witness a robbery?,Kako mogu kontaktirati hitnu pomoć u Bosni i Hercegovini?,Dial 124 to directly contact ambulance services.,Pozovite 124 da direktno kontaktirate hitnu pomoć.,Emergency,report_emergency
292,English,Who do I call to report a medical emergency?,Gdje se nalazi najbliža bolnica ili klinika?,"You can search online maps for hospitals or clinics near you, or ask locals. Some major hospitals include Clinical Center of the University of Sarajevo (KCUS) in Sarajevo or University Clinical Hospital Mostar.","Možete pretražiti online mape za bolnice ili klinike u vašoj blizini, ili pitati lokalne stanovnike. Neke od glavnih bolnica su Klinički centar Univerziteta u Sarajevu (KCUS) u Sarajevu ili Sveučilišna klinička bolnica Mostar.",Emergency,report_emergency
293,English,How do I report a gas leak?,Možete li mi pomoći da pronađem najbližu policijsku stanicu?,"Call 122 for police assistance, or use online maps to locate the nearest police station.","Pozovite 122 za policijsku pomoć, ili koristite online mape za pronalazak najbliže policijske stanice.",Emergency,report_emergency
294,English,Where can I report a missing person?,Kako mogu prijaviti požar?,Dial 123 to contact the fire department in Bosnia and Herzegovina.,Pozovite 123 da kontaktirate vatrogasnu službu u Bosni i Hercegovini.,Emergency,report_emergency